disease_A,disease_B,weight
0.0,0.0,1.0
0.0,1.0,0.840857282
0.0,2.0,1.0
0.0,3.0,0.499906932
0.0,4.0,0.594520548
0.0,5.0,0.840857282
0.0,6.0,0.840857282
0.0,7.0,0.096327638
0.0,8.0,0.353454682
0.0,9.0,0.840857282
0.0,10.0,0.499906932
0.0,11.0,0.840857282
0.0,12.0,0.499906932
0.0,13.0,0.272531793
0.0,14.0,0.420350385
0.0,15.0,0.771051586
0.0,16.0,0.771051586
0.0,17.0,1.0
0.0,18.0,1.0
0.0,19.0,0.840857282
0.0,20.0,0.458406011
0.0,21.0,0.840857282
0.0,22.0,0.707040969
0.0,23.0,0.024072945
0.0,24.0,0.840857282
0.0,25.0,0.004253556
0.0,26.0,0.249906941
0.0,27.0,0.840857282
0.0,28.0,0.458406011
0.0,29.0,0.385454033
0.0,30.0,0.499906932
0.0,31.0,0.840857282
0.0,32.0,0.707040969
0.0,33.0,0.771051586
0.0,34.0,0.707040969
0.0,35.0,4.75e-07
0.0,36.0,0.385454033
0.0,37.0,0.707040969
0.0,38.0,0.840857282
1.0,0.0,0.840857282
1.0,1.0,1.0
1.0,2.0,0.840857282
1.0,3.0,0.420350385
1.0,4.0,0.707040969
1.0,5.0,1.0
1.0,6.0,0.840857282
1.0,7.0,0.096327638
1.0,8.0,0.353454682
1.0,9.0,0.840857282
1.0,10.0,0.499906932
1.0,11.0,0.840857282
1.0,12.0,0.499906932
1.0,13.0,0.272531793
1.0,14.0,0.420350385
1.0,15.0,0.771051586
1.0,16.0,0.916982706
1.0,17.0,0.840857282
1.0,18.0,0.840857282
1.0,19.0,0.840857282
1.0,20.0,0.458406011
1.0,21.0,0.840857282
1.0,22.0,0.707040969
1.0,23.0,0.024072945
1.0,24.0,0.840857282
1.0,25.0,0.004253556
1.0,26.0,0.249906941
1.0,27.0,0.840857282
1.0,28.0,0.458406011
1.0,29.0,0.385454033
1.0,30.0,0.499906932
1.0,31.0,1.0
1.0,32.0,0.707040969
1.0,33.0,0.771051586
1.0,34.0,0.707040969
1.0,35.0,4.75e-07
1.0,36.0,0.385454033
1.0,37.0,0.707040969
1.0,38.0,0.840857282
2.0,0.0,1.0
2.0,1.0,0.840857282
2.0,2.0,1.0
2.0,3.0,0.499906932
2.0,4.0,0.594520548
2.0,5.0,0.840857282
2.0,6.0,0.840857282
2.0,7.0,0.096327638
2.0,8.0,0.353454682
2.0,9.0,0.840857282
2.0,10.0,0.499906932
2.0,11.0,0.840857282
2.0,12.0,0.499906932
2.0,13.0,0.272531793
2.0,14.0,0.420350385
2.0,15.0,0.771051586
2.0,16.0,0.771051586
2.0,17.0,1.0
2.0,18.0,1.0
2.0,19.0,0.840857282
2.0,20.0,0.458406011
2.0,21.0,0.840857282
2.0,22.0,0.707040969
2.0,23.0,0.024072945
2.0,24.0,0.840857282
2.0,25.0,0.004253556
2.0,26.0,0.249906941
2.0,27.0,0.840857282
2.0,28.0,0.458406011
2.0,29.0,0.385454033
2.0,30.0,0.499906932
2.0,31.0,0.840857282
2.0,32.0,0.707040969
2.0,33.0,0.771051586
2.0,34.0,0.707040969
2.0,35.0,4.75e-07
2.0,36.0,0.385454033
2.0,37.0,0.707040969
2.0,38.0,0.840857282
3.0,0.0,0.499906932
3.0,1.0,0.420350385
3.0,2.0,0.499906932
3.0,3.0,1.0
3.0,4.0,0.297204943
3.0,5.0,0.420350385
3.0,6.0,0.420350385
3.0,7.0,0.05726876
3.0,8.0,0.249906941
3.0,9.0,0.420350385
3.0,10.0,0.353454682
3.0,11.0,0.420350385
3.0,12.0,0.499906932
3.0,13.0,0.136240533
3.0,14.0,0.210136071
3.0,15.0,0.385454033
3.0,16.0,0.385454033
3.0,17.0,0.499906932
3.0,18.0,0.499906932
3.0,19.0,0.420350385
3.0,20.0,0.272531793
3.0,21.0,0.420350385
3.0,22.0,0.420350385
3.0,23.0,0.020241911
3.0,24.0,0.420350385
3.0,25.0,0.004253556
3.0,26.0,0.210136071
3.0,27.0,0.420350385
3.0,28.0,0.272531793
3.0,29.0,0.272531793
3.0,30.0,0.353454682
3.0,31.0,0.420350385
3.0,32.0,0.420350385
3.0,33.0,0.385454033
3.0,34.0,0.353454682
3.0,35.0,4.75e-07
3.0,36.0,0.272531793
3.0,37.0,0.420350385
3.0,38.0,0.420350385
4.0,0.0,0.594520548
4.0,1.0,0.707040969
4.0,2.0,0.594520548
4.0,3.0,0.297204943
4.0,4.0,1.0
4.0,5.0,0.707040969
4.0,6.0,0.594520548
4.0,7.0,0.068107587
4.0,8.0,0.249906941
4.0,9.0,0.594520548
4.0,10.0,0.353454682
4.0,11.0,0.594520548
4.0,12.0,0.353454682
4.0,13.0,0.192691143
4.0,14.0,0.420350385
4.0,15.0,0.545165061
4.0,16.0,0.648344341
4.0,17.0,0.594520548
4.0,18.0,0.594520548
4.0,19.0,0.707040969
4.0,20.0,0.324111831
4.0,21.0,0.594520548
4.0,22.0,0.499906932
4.0,23.0,0.017020559
4.0,24.0,0.594520548
4.0,25.0,0.003007438
4.0,26.0,0.176694446
4.0,27.0,0.594520548
4.0,28.0,0.385454033
4.0,29.0,0.272531793
4.0,30.0,0.353454682
4.0,31.0,0.707040969
4.0,32.0,0.499906932
4.0,33.0,0.545165061
4.0,34.0,0.499906932
4.0,35.0,3.36e-07
4.0,36.0,0.272531793
4.0,37.0,0.499906932
4.0,38.0,0.594520548
5.0,0.0,0.840857282
5.0,1.0,1.0
5.0,2.0,0.840857282
5.0,3.0,0.420350385
5.0,4.0,0.707040969
5.0,5.0,1.0
5.0,6.0,0.840857282
5.0,7.0,0.096327638
5.0,8.0,0.353454682
5.0,9.0,0.840857282
5.0,10.0,0.499906932
5.0,11.0,0.840857282
5.0,12.0,0.499906932
5.0,13.0,0.272531793
5.0,14.0,0.420350385
5.0,15.0,0.771051586
5.0,16.0,0.916982706
5.0,17.0,0.840857282
5.0,18.0,0.840857282
5.0,19.0,0.840857282
5.0,20.0,0.458406011
5.0,21.0,0.840857282
5.0,22.0,0.707040969
5.0,23.0,0.024072945
5.0,24.0,0.840857282
5.0,25.0,0.004253556
5.0,26.0,0.249906941
5.0,27.0,0.840857282
5.0,28.0,0.458406011
5.0,29.0,0.385454033
5.0,30.0,0.499906932
5.0,31.0,1.0
5.0,32.0,0.707040969
5.0,33.0,0.771051586
5.0,34.0,0.707040969
5.0,35.0,4.75e-07
5.0,36.0,0.385454033
5.0,37.0,0.707040969
5.0,38.0,0.840857282
6.0,0.0,0.840857282
6.0,1.0,0.840857282
6.0,2.0,0.840857282
6.0,3.0,0.420350385
6.0,4.0,0.594520548
6.0,5.0,0.840857282
6.0,6.0,1.0
6.0,7.0,0.096327638
6.0,8.0,0.353454682
6.0,9.0,0.840857282
6.0,10.0,0.594520548
6.0,11.0,0.840857282
6.0,12.0,0.499906932
6.0,13.0,0.272531793
6.0,14.0,0.420350385
6.0,15.0,0.771051586
6.0,16.0,0.771051586
6.0,17.0,0.840857282
6.0,18.0,0.840857282
6.0,19.0,0.840857282
6.0,20.0,0.458406011
6.0,21.0,0.840857282
6.0,22.0,0.707040969
6.0,23.0,0.024072945
6.0,24.0,0.840857282
6.0,25.0,0.004253556
6.0,26.0,0.249906941
6.0,27.0,0.840857282
6.0,28.0,0.458406011
6.0,29.0,0.385454033
6.0,30.0,0.499906932
6.0,31.0,0.840857282
6.0,32.0,0.707040969
6.0,33.0,0.771051586
6.0,34.0,0.707040969
6.0,35.0,5.65e-07
6.0,36.0,0.458406011
6.0,37.0,0.707040969
6.0,38.0,0.840857282
7.0,0.0,0.096327638
7.0,1.0,0.096327638
7.0,2.0,0.096327638
7.0,3.0,0.05726876
7.0,4.0,0.068107587
7.0,5.0,0.096327638
7.0,6.0,0.096327638
7.0,7.0,1.0
7.0,8.0,0.048154854
7.0,9.0,0.096327638
7.0,10.0,0.080997796
7.0,11.0,0.096327638
7.0,12.0,0.080997796
7.0,13.0,0.044157168
7.0,14.0,0.05726876
7.0,15.0,0.088330778
7.0,16.0,0.088330778
7.0,17.0,0.096327638
7.0,18.0,0.096327638
7.0,19.0,0.096327638
7.0,20.0,0.062453479
7.0,21.0,0.096327638
7.0,22.0,0.096327638
7.0,23.0,0.002757769
7.0,24.0,0.096327638
7.0,25.0,0.001159229
7.0,26.0,0.04049136
7.0,27.0,0.096327638
7.0,28.0,0.062453479
7.0,29.0,0.052514463
7.0,30.0,0.080997796
7.0,31.0,0.096327638
7.0,32.0,0.096327638
7.0,33.0,0.088330778
7.0,34.0,0.080997796
7.0,35.0,1.54e-07
7.0,36.0,0.088330778
7.0,37.0,0.096327638
7.0,38.0,0.096327638
8.0,0.0,0.353454682
8.0,1.0,0.353454682
8.0,2.0,0.353454682
8.0,3.0,0.249906941
8.0,4.0,0.249906941
8.0,5.0,0.353454682
8.0,6.0,0.353454682
8.0,7.0,0.048154854
8.0,8.0,1.0
8.0,9.0,0.353454682
8.0,10.0,0.297204943
8.0,11.0,0.353454682
8.0,12.0,0.297204943
8.0,13.0,0.136240533
8.0,14.0,0.176694446
8.0,15.0,0.324111831
8.0,16.0,0.324111831
8.0,17.0,0.353454682
8.0,18.0,0.353454682
8.0,19.0,0.353454682
8.0,20.0,0.229160343
8.0,21.0,0.353454682
8.0,22.0,0.420350385
8.0,23.0,0.024072945
8.0,24.0,0.353454682
8.0,25.0,0.005058594
8.0,26.0,0.176694446
8.0,27.0,0.353454682
8.0,28.0,0.272531793
8.0,29.0,0.162025751
8.0,30.0,0.297204943
8.0,31.0,0.353454682
8.0,32.0,0.297204943
8.0,33.0,0.324111831
8.0,34.0,0.297204943
8.0,35.0,1.13e-06
8.0,36.0,0.272531793
8.0,37.0,0.353454682
8.0,38.0,0.353454682
9.0,0.0,0.840857282
9.0,1.0,0.840857282
9.0,2.0,0.840857282
9.0,3.0,0.420350385
9.0,4.0,0.594520548
9.0,5.0,0.840857282
9.0,6.0,0.840857282
9.0,7.0,0.096327638
9.0,8.0,0.353454682
9.0,9.0,1.0
9.0,10.0,0.499906932
9.0,11.0,0.840857282
9.0,12.0,0.499906932
9.0,13.0,0.272531793
9.0,14.0,0.420350385
9.0,15.0,0.771051586
9.0,16.0,0.771051586
9.0,17.0,0.840857282
9.0,18.0,0.840857282
9.0,19.0,0.840857282
9.0,20.0,0.458406011
9.0,21.0,0.840857282
9.0,22.0,0.707040969
9.0,23.0,0.02862905
9.0,24.0,0.840857282
9.0,25.0,0.004253556
9.0,26.0,0.249906941
9.0,27.0,0.840857282
9.0,28.0,0.458406011
9.0,29.0,0.385454033
9.0,30.0,0.499906932
9.0,31.0,0.840857282
9.0,32.0,0.707040969
9.0,33.0,0.771051586
9.0,34.0,0.707040969
9.0,35.0,4.75e-07
9.0,36.0,0.385454033
9.0,37.0,0.707040969
9.0,38.0,0.840857282
10.0,0.0,0.499906932
10.0,1.0,0.499906932
10.0,2.0,0.499906932
10.0,3.0,0.353454682
10.0,4.0,0.353454682
10.0,5.0,0.499906932
10.0,6.0,0.594520548
10.0,7.0,0.080997796
10.0,8.0,0.297204943
10.0,9.0,0.499906932
10.0,10.0,1.0
10.0,11.0,0.499906932
10.0,12.0,0.420350385
10.0,13.0,0.192691143
10.0,14.0,0.249906941
10.0,15.0,0.458406011
10.0,16.0,0.458406011
10.0,17.0,0.499906932
10.0,18.0,0.499906932
10.0,19.0,0.499906932
10.0,20.0,0.324111831
10.0,21.0,0.594520548
10.0,22.0,0.420350385
10.0,23.0,0.020241911
10.0,24.0,0.499906932
10.0,25.0,0.005058594
10.0,26.0,0.210136071
10.0,27.0,0.499906932
10.0,28.0,0.385454033
10.0,29.0,0.324111831
10.0,30.0,0.353454682
10.0,31.0,0.499906932
10.0,32.0,0.499906932
10.0,33.0,0.458406011
10.0,34.0,0.420350385
10.0,35.0,7.99e-07
10.0,36.0,0.385454033
10.0,37.0,0.420350385
10.0,38.0,0.499906932
11.0,0.0,0.840857282
11.0,1.0,0.840857282
11.0,2.0,0.840857282
11.0,3.0,0.420350385
11.0,4.0,0.594520548
11.0,5.0,0.840857282
11.0,6.0,0.840857282
11.0,7.0,0.096327638
11.0,8.0,0.353454682
11.0,9.0,0.840857282
11.0,10.0,0.499906932
11.0,11.0,1.0
11.0,12.0,0.499906932
11.0,13.0,0.272531793
11.0,14.0,0.420350385
11.0,15.0,0.771051586
11.0,16.0,0.771051586
11.0,17.0,0.840857282
11.0,18.0,0.840857282
11.0,19.0,0.840857282
11.0,20.0,0.458406011
11.0,21.0,0.840857282
11.0,22.0,0.707040969
11.0,23.0,0.02862905
11.0,24.0,0.840857282
11.0,25.0,0.005058594
11.0,26.0,0.297204943
11.0,27.0,0.840857282
11.0,28.0,0.458406011
11.0,29.0,0.385454033
11.0,30.0,0.499906932
11.0,31.0,0.840857282
11.0,32.0,0.707040969
11.0,33.0,0.771051586
11.0,34.0,0.707040969
11.0,35.0,5.65e-07
11.0,36.0,0.385454033
11.0,37.0,0.707040969
11.0,38.0,0.840857282
12.0,0.0,0.499906932
12.0,1.0,0.499906932
12.0,2.0,0.499906932
12.0,3.0,0.499906932
12.0,4.0,0.353454682
12.0,5.0,0.499906932
12.0,6.0,0.499906932
12.0,7.0,0.080997796
12.0,8.0,0.297204943
12.0,9.0,0.499906932
12.0,10.0,0.420350385
12.0,11.0,0.499906932
12.0,12.0,1.0
12.0,13.0,0.162025751
12.0,14.0,0.353454682
12.0,15.0,0.458406011
12.0,16.0,0.458406011
12.0,17.0,0.499906932
12.0,18.0,0.499906932
12.0,19.0,0.499906932
12.0,20.0,0.324111831
12.0,21.0,0.499906932
12.0,22.0,0.499906932
12.0,23.0,0.024072945
12.0,24.0,0.499906932
12.0,25.0,0.006015996
12.0,26.0,0.210136071
12.0,27.0,0.499906932
12.0,28.0,0.324111831
12.0,29.0,0.324111831
12.0,30.0,0.353454682
12.0,31.0,0.499906932
12.0,32.0,0.499906932
12.0,33.0,0.458406011
12.0,34.0,0.420350385
12.0,35.0,6.72e-07
12.0,36.0,0.385454033
12.0,37.0,0.499906932
12.0,38.0,0.499906932
13.0,0.0,0.272531793
13.0,1.0,0.272531793
13.0,2.0,0.272531793
13.0,3.0,0.136240533
13.0,4.0,0.192691143
13.0,5.0,0.272531793
13.0,6.0,0.272531793
13.0,7.0,0.044157168
13.0,8.0,0.136240533
13.0,9.0,0.272531793
13.0,10.0,0.192691143
13.0,11.0,0.272531793
13.0,12.0,0.162025751
13.0,13.0,1.0
13.0,14.0,0.136240533
13.0,15.0,0.249906941
13.0,16.0,0.297204943
13.0,17.0,0.272531793
13.0,18.0,0.272531793
13.0,19.0,0.272531793
13.0,20.0,0.297204943
13.0,21.0,0.272531793
13.0,22.0,0.229160343
13.0,23.0,0.011035183
13.0,24.0,0.272531793
13.0,25.0,0.003279711
13.0,26.0,0.114558844
13.0,27.0,0.272531793
13.0,28.0,0.176694446
13.0,29.0,0.124930212
13.0,30.0,0.192691143
13.0,31.0,0.272531793
13.0,32.0,0.229160343
13.0,33.0,0.249906941
13.0,34.0,0.272531793
13.0,35.0,3.08e-07
13.0,36.0,0.176694446
13.0,37.0,0.229160343
13.0,38.0,0.272531793
14.0,0.0,0.420350385
14.0,1.0,0.420350385
14.0,2.0,0.420350385
14.0,3.0,0.210136071
14.0,4.0,0.420350385
14.0,5.0,0.420350385
14.0,6.0,0.420350385
14.0,7.0,0.05726876
14.0,8.0,0.176694446
14.0,9.0,0.420350385
14.0,10.0,0.249906941
14.0,11.0,0.420350385
14.0,12.0,0.353454682
14.0,13.0,0.136240533
14.0,14.0,1.0
14.0,15.0,0.385454033
14.0,16.0,0.385454033
14.0,17.0,0.420350385
14.0,18.0,0.420350385
14.0,19.0,0.499906932
14.0,20.0,0.229160343
14.0,21.0,0.420350385
14.0,22.0,0.353454682
14.0,23.0,0.014311861
14.0,24.0,0.420350385
14.0,25.0,0.002528826
14.0,26.0,0.124930212
14.0,27.0,0.420350385
14.0,28.0,0.272531793
14.0,29.0,0.192691143
14.0,30.0,0.249906941
14.0,31.0,0.420350385
14.0,32.0,0.353454682
14.0,33.0,0.385454033
14.0,34.0,0.353454682
14.0,35.0,2.82e-07
14.0,36.0,0.229160343
14.0,37.0,0.353454682
14.0,38.0,0.420350385
15.0,0.0,0.771051586
15.0,1.0,0.771051586
15.0,2.0,0.771051586
15.0,3.0,0.385454033
15.0,4.0,0.545165061
15.0,5.0,0.771051586
15.0,6.0,0.771051586
15.0,7.0,0.088330778
15.0,8.0,0.324111831
15.0,9.0,0.771051586
15.0,10.0,0.458406011
15.0,11.0,0.771051586
15.0,12.0,0.458406011
15.0,13.0,0.249906941
15.0,14.0,0.385454033
15.0,15.0,1.0
15.0,16.0,0.707040969
15.0,17.0,0.771051586
15.0,18.0,0.771051586
15.0,19.0,0.771051586
15.0,20.0,0.420350385
15.0,21.0,0.771051586
15.0,22.0,0.648344341
15.0,23.0,0.022074475
15.0,24.0,0.771051586
15.0,25.0,0.003900437
15.0,26.0,0.229160343
15.0,27.0,0.771051586
15.0,28.0,0.420350385
15.0,29.0,0.353454682
15.0,30.0,0.458406011
15.0,31.0,0.771051586
15.0,32.0,0.771051586
15.0,33.0,0.707040969
15.0,34.0,0.648344341
15.0,35.0,5.18e-07
15.0,36.0,0.353454682
15.0,37.0,0.648344341
15.0,38.0,0.771051586
16.0,0.0,0.771051586
16.0,1.0,0.916982706
16.0,2.0,0.771051586
16.0,3.0,0.385454033
16.0,4.0,0.648344341
16.0,5.0,0.916982706
16.0,6.0,0.771051586
16.0,7.0,0.088330778
16.0,8.0,0.324111831
16.0,9.0,0.771051586
16.0,10.0,0.458406011
16.0,11.0,0.771051586
16.0,12.0,0.458406011
16.0,13.0,0.297204943
16.0,14.0,0.385454033
16.0,15.0,0.707040969
16.0,16.0,1.0
16.0,17.0,0.771051586
16.0,18.0,0.771051586
16.0,19.0,0.771051586
16.0,20.0,0.420350385
16.0,21.0,0.771051586
16.0,22.0,0.648344341
16.0,23.0,0.022074475
16.0,24.0,0.771051586
16.0,25.0,0.003900437
16.0,26.0,0.229160343
16.0,27.0,0.771051586
16.0,28.0,0.420350385
16.0,29.0,0.353454682
16.0,30.0,0.458406011
16.0,31.0,0.916982706
16.0,32.0,0.648344341
16.0,33.0,0.707040969
16.0,34.0,0.648344341
16.0,35.0,4.36e-07
16.0,36.0,0.353454682
16.0,37.0,0.648344341
16.0,38.0,0.771051586
17.0,0.0,1.0
17.0,1.0,0.840857282
17.0,2.0,1.0
17.0,3.0,0.499906932
17.0,4.0,0.594520548
17.0,5.0,0.840857282
17.0,6.0,0.840857282
17.0,7.0,0.096327638
17.0,8.0,0.353454682
17.0,9.0,0.840857282
17.0,10.0,0.499906932
17.0,11.0,0.840857282
17.0,12.0,0.499906932
17.0,13.0,0.272531793
17.0,14.0,0.420350385
17.0,15.0,0.771051586
17.0,16.0,0.771051586
17.0,17.0,1.0
17.0,18.0,1.0
17.0,19.0,0.840857282
17.0,20.0,0.458406011
17.0,21.0,0.840857282
17.0,22.0,0.707040969
17.0,23.0,0.024072945
17.0,24.0,0.840857282
17.0,25.0,0.004253556
17.0,26.0,0.249906941
17.0,27.0,0.840857282
17.0,28.0,0.458406011
17.0,29.0,0.385454033
17.0,30.0,0.499906932
17.0,31.0,0.840857282
17.0,32.0,0.707040969
17.0,33.0,0.771051586
17.0,34.0,0.707040969
17.0,35.0,4.75e-07
17.0,36.0,0.385454033
17.0,37.0,0.707040969
17.0,38.0,0.840857282
18.0,0.0,1.0
18.0,1.0,0.840857282
18.0,2.0,1.0
18.0,3.0,0.499906932
18.0,4.0,0.594520548
18.0,5.0,0.840857282
18.0,6.0,0.840857282
18.0,7.0,0.096327638
18.0,8.0,0.353454682
18.0,9.0,0.840857282
18.0,10.0,0.499906932
18.0,11.0,0.840857282
18.0,12.0,0.499906932
18.0,13.0,0.272531793
18.0,14.0,0.420350385
18.0,15.0,0.771051586
18.0,16.0,0.771051586
18.0,17.0,1.0
18.0,18.0,1.0
18.0,19.0,0.840857282
18.0,20.0,0.458406011
18.0,21.0,0.840857282
18.0,22.0,0.707040969
18.0,23.0,0.024072945
18.0,24.0,0.840857282
18.0,25.0,0.004253556
18.0,26.0,0.249906941
18.0,27.0,0.840857282
18.0,28.0,0.458406011
18.0,29.0,0.385454033
18.0,30.0,0.499906932
18.0,31.0,0.840857282
18.0,32.0,0.707040969
18.0,33.0,0.771051586
18.0,34.0,0.707040969
18.0,35.0,4.75e-07
18.0,36.0,0.385454033
18.0,37.0,0.707040969
18.0,38.0,0.840857282
19.0,0.0,0.840857282
19.0,1.0,0.840857282
19.0,2.0,0.840857282
19.0,3.0,0.420350385
19.0,4.0,0.707040969
19.0,5.0,0.840857282
19.0,6.0,0.840857282
19.0,7.0,0.096327638
19.0,8.0,0.353454682
19.0,9.0,0.840857282
19.0,10.0,0.499906932
19.0,11.0,0.840857282
19.0,12.0,0.499906932
19.0,13.0,0.272531793
19.0,14.0,0.499906932
19.0,15.0,0.771051586
19.0,16.0,0.771051586
19.0,17.0,0.840857282
19.0,18.0,0.840857282
19.0,19.0,1.0
19.0,20.0,0.458406011
19.0,21.0,0.840857282
19.0,22.0,0.707040969
19.0,23.0,0.024072945
19.0,24.0,0.840857282
19.0,25.0,0.004253556
19.0,26.0,0.249906941
19.0,27.0,0.840857282
19.0,28.0,0.545165061
19.0,29.0,0.385454033
19.0,30.0,0.499906932
19.0,31.0,0.840857282
19.0,32.0,0.707040969
19.0,33.0,0.771051586
19.0,34.0,0.707040969
19.0,35.0,4.75e-07
19.0,36.0,0.385454033
19.0,37.0,0.707040969
19.0,38.0,0.840857282
20.0,0.0,0.458406011
20.0,1.0,0.458406011
20.0,2.0,0.458406011
20.0,3.0,0.272531793
20.0,4.0,0.324111831
20.0,5.0,0.458406011
20.0,6.0,0.458406011
20.0,7.0,0.062453479
20.0,8.0,0.229160343
20.0,9.0,0.458406011
20.0,10.0,0.324111831
20.0,11.0,0.458406011
20.0,12.0,0.324111831
20.0,13.0,0.297204943
20.0,14.0,0.229160343
20.0,15.0,0.420350385
20.0,16.0,0.420350385
20.0,17.0,0.458406011
20.0,18.0,0.458406011
20.0,19.0,0.458406011
20.0,20.0,1.0
20.0,21.0,0.458406011
20.0,22.0,0.458406011
20.0,23.0,0.022074475
20.0,24.0,0.458406011
20.0,25.0,0.003900437
20.0,26.0,0.136240533
20.0,27.0,0.458406011
20.0,28.0,0.249906941
20.0,29.0,0.249906941
20.0,30.0,0.272531793
20.0,31.0,0.458406011
20.0,32.0,0.545165061
20.0,33.0,0.420350385
20.0,34.0,0.385454033
20.0,35.0,7.33e-07
20.0,36.0,0.249906941
20.0,37.0,0.458406011
20.0,38.0,0.458406011
21.0,0.0,0.840857282
21.0,1.0,0.840857282
21.0,2.0,0.840857282
21.0,3.0,0.420350385
21.0,4.0,0.594520548
21.0,5.0,0.840857282
21.0,6.0,0.840857282
21.0,7.0,0.096327638
21.0,8.0,0.353454682
21.0,9.0,0.840857282
21.0,10.0,0.594520548
21.0,11.0,0.840857282
21.0,12.0,0.499906932
21.0,13.0,0.272531793
21.0,14.0,0.420350385
21.0,15.0,0.771051586
21.0,16.0,0.771051586
21.0,17.0,0.840857282
21.0,18.0,0.840857282
21.0,19.0,0.840857282
21.0,20.0,0.458406011
21.0,21.0,1.0
21.0,22.0,0.707040969
21.0,23.0,0.02862905
21.0,24.0,0.840857282
21.0,25.0,0.005058594
21.0,26.0,0.249906941
21.0,27.0,0.840857282
21.0,28.0,0.458406011
21.0,29.0,0.385454033
21.0,30.0,0.499906932
21.0,31.0,0.840857282
21.0,32.0,0.707040969
21.0,33.0,0.771051586
21.0,34.0,0.707040969
21.0,35.0,5.65e-07
21.0,36.0,0.385454033
21.0,37.0,0.707040969
21.0,38.0,0.840857282
22.0,0.0,0.707040969
22.0,1.0,0.707040969
22.0,2.0,0.707040969
22.0,3.0,0.420350385
22.0,4.0,0.499906932
22.0,5.0,0.707040969
22.0,6.0,0.707040969
22.0,7.0,0.096327638
22.0,8.0,0.420350385
22.0,9.0,0.707040969
22.0,10.0,0.420350385
22.0,11.0,0.707040969
22.0,12.0,0.499906932
22.0,13.0,0.229160343
22.0,14.0,0.353454682
22.0,15.0,0.648344341
22.0,16.0,0.648344341
22.0,17.0,0.707040969
22.0,18.0,0.707040969
22.0,19.0,0.707040969
22.0,20.0,0.458406011
22.0,21.0,0.707040969
22.0,22.0,1.0
22.0,23.0,0.02862905
22.0,24.0,0.707040969
22.0,25.0,0.005058594
22.0,26.0,0.297204943
22.0,27.0,0.707040969
22.0,28.0,0.385454033
22.0,29.0,0.324111831
22.0,30.0,0.594520548
22.0,31.0,0.707040969
22.0,32.0,0.594520548
22.0,33.0,0.648344341
22.0,34.0,0.594520548
22.0,35.0,6.72e-07
22.0,36.0,0.385454033
22.0,37.0,0.840857282
22.0,38.0,0.707040969
23.0,0.0,0.024072945
23.0,1.0,0.024072945
23.0,2.0,0.024072945
23.0,3.0,0.020241911
23.0,4.0,0.017020559
23.0,5.0,0.024072945
23.0,6.0,0.024072945
23.0,7.0,0.002757769
23.0,8.0,0.024072945
23.0,9.0,0.02862905
23.0,10.0,0.020241911
23.0,11.0,0.02862905
23.0,12.0,0.024072945
23.0,13.0,0.011035183
23.0,14.0,0.014311861
23.0,15.0,0.022074475
23.0,16.0,0.022074475
23.0,17.0,0.024072945
23.0,18.0,0.024072945
23.0,19.0,0.024072945
23.0,20.0,0.022074475
23.0,21.0,0.02862905
23.0,22.0,0.02862905
23.0,23.0,1.0
23.0,24.0,0.024072945
23.0,25.0,0.00163955
23.0,26.0,0.017020559
23.0,27.0,0.024072945
23.0,28.0,0.018561483
23.0,29.0,0.013123729
23.0,30.0,0.017020559
23.0,31.0,0.024072945
23.0,32.0,0.024072945
23.0,33.0,0.022074475
23.0,34.0,0.024072945
23.0,35.0,9.15e-08
23.0,36.0,0.018561483
23.0,37.0,0.02862905
23.0,38.0,0.024072945
24.0,0.0,0.840857282
24.0,1.0,0.840857282
24.0,2.0,0.840857282
24.0,3.0,0.420350385
24.0,4.0,0.594520548
24.0,5.0,0.840857282
24.0,6.0,0.840857282
24.0,7.0,0.096327638
24.0,8.0,0.353454682
24.0,9.0,0.840857282
24.0,10.0,0.499906932
24.0,11.0,0.840857282
24.0,12.0,0.499906932
24.0,13.0,0.272531793
24.0,14.0,0.420350385
24.0,15.0,0.771051586
24.0,16.0,0.771051586
24.0,17.0,0.840857282
24.0,18.0,0.840857282
24.0,19.0,0.840857282
24.0,20.0,0.458406011
24.0,21.0,0.840857282
24.0,22.0,0.707040969
24.0,23.0,0.024072945
24.0,24.0,1.0
24.0,25.0,0.004253556
24.0,26.0,0.249906941
24.0,27.0,0.840857282
24.0,28.0,0.458406011
24.0,29.0,0.385454033
24.0,30.0,0.499906932
24.0,31.0,0.840857282
24.0,32.0,0.707040969
24.0,33.0,0.771051586
24.0,34.0,0.707040969
24.0,35.0,4.75e-07
24.0,36.0,0.385454033
24.0,37.0,0.707040969
24.0,38.0,0.840857282
25.0,0.0,0.004253556
25.0,1.0,0.004253556
25.0,2.0,0.004253556
25.0,3.0,0.004253556
25.0,4.0,0.003007438
25.0,5.0,0.004253556
25.0,6.0,0.004253556
25.0,7.0,0.001159229
25.0,8.0,0.005058594
25.0,9.0,0.004253556
25.0,10.0,0.005058594
25.0,11.0,0.005058594
25.0,12.0,0.006015996
25.0,13.0,0.003279711
25.0,14.0,0.002528826
25.0,15.0,0.003900437
25.0,16.0,0.003900437
25.0,17.0,0.004253556
25.0,18.0,0.004253556
25.0,19.0,0.004253556
25.0,20.0,0.003900437
25.0,21.0,0.005058594
25.0,22.0,0.005058594
25.0,23.0,0.00163955
25.0,24.0,0.004253556
25.0,25.0,1.0
25.0,26.0,0.002528826
25.0,27.0,0.004253556
25.0,28.0,0.002757769
25.0,29.0,0.004638643
25.0,30.0,0.003576633
25.0,31.0,0.004253556
25.0,32.0,0.004253556
25.0,33.0,0.003900437
25.0,34.0,0.004253556
25.0,35.0,1.29e-07
25.0,36.0,0.005516564
25.0,37.0,0.004253556
25.0,38.0,0.004253556
26.0,0.0,0.249906941
26.0,1.0,0.249906941
26.0,2.0,0.249906941
26.0,3.0,0.210136071
26.0,4.0,0.176694446
26.0,5.0,0.249906941
26.0,6.0,0.249906941
26.0,7.0,0.04049136
26.0,8.0,0.176694446
26.0,9.0,0.249906941
26.0,10.0,0.210136071
26.0,11.0,0.297204943
26.0,12.0,0.210136071
26.0,13.0,0.114558844
26.0,14.0,0.124930212
26.0,15.0,0.229160343
26.0,16.0,0.229160343
26.0,17.0,0.249906941
26.0,18.0,0.249906941
26.0,19.0,0.249906941
26.0,20.0,0.136240533
26.0,21.0,0.249906941
26.0,22.0,0.297204943
26.0,23.0,0.017020559
26.0,24.0,0.249906941
26.0,25.0,0.002528826
26.0,26.0,1.0
26.0,27.0,0.249906941
26.0,28.0,0.192691143
26.0,29.0,0.114558844
26.0,30.0,0.297204943
26.0,31.0,0.249906941
26.0,32.0,0.210136071
26.0,33.0,0.229160343
26.0,34.0,0.353454682
26.0,35.0,4.75e-07
26.0,36.0,0.192691143
26.0,37.0,0.297204943
26.0,38.0,0.249906941
27.0,0.0,0.840857282
27.0,1.0,0.840857282
27.0,2.0,0.840857282
27.0,3.0,0.420350385
27.0,4.0,0.594520548
27.0,5.0,0.840857282
27.0,6.0,0.840857282
27.0,7.0,0.096327638
27.0,8.0,0.353454682
27.0,9.0,0.840857282
27.0,10.0,0.499906932
27.0,11.0,0.840857282
27.0,12.0,0.499906932
27.0,13.0,0.272531793
27.0,14.0,0.420350385
27.0,15.0,0.771051586
27.0,16.0,0.771051586
27.0,17.0,0.840857282
27.0,18.0,0.840857282
27.0,19.0,0.840857282
27.0,20.0,0.458406011
27.0,21.0,0.840857282
27.0,22.0,0.707040969
27.0,23.0,0.024072945
27.0,24.0,0.840857282
27.0,25.0,0.004253556
27.0,26.0,0.249906941
27.0,27.0,1.0
27.0,28.0,0.458406011
27.0,29.0,0.385454033
27.0,30.0,0.499906932
27.0,31.0,0.840857282
27.0,32.0,0.707040969
27.0,33.0,0.771051586
27.0,34.0,0.707040969
27.0,35.0,4.75e-07
27.0,36.0,0.385454033
27.0,37.0,0.707040969
27.0,38.0,0.840857282
28.0,0.0,0.458406011
28.0,1.0,0.458406011
28.0,2.0,0.458406011
28.0,3.0,0.272531793
28.0,4.0,0.385454033
28.0,5.0,0.458406011
28.0,6.0,0.458406011
28.0,7.0,0.062453479
28.0,8.0,0.272531793
28.0,9.0,0.458406011
28.0,10.0,0.385454033
28.0,11.0,0.458406011
28.0,12.0,0.324111831
28.0,13.0,0.176694446
28.0,14.0,0.272531793
28.0,15.0,0.420350385
28.0,16.0,0.420350385
28.0,17.0,0.458406011
28.0,18.0,0.458406011
28.0,19.0,0.545165061
28.0,20.0,0.249906941
28.0,21.0,0.458406011
28.0,22.0,0.385454033
28.0,23.0,0.018561483
28.0,24.0,0.458406011
28.0,25.0,0.002757769
28.0,26.0,0.192691143
28.0,27.0,0.458406011
28.0,28.0,1.0
28.0,29.0,0.210136071
28.0,30.0,0.324111831
28.0,31.0,0.458406011
28.0,32.0,0.385454033
28.0,33.0,0.420350385
28.0,34.0,0.385454033
28.0,35.0,3.66e-07
28.0,36.0,0.297204943
28.0,37.0,0.385454033
28.0,38.0,0.458406011
29.0,0.0,0.385454033
29.0,1.0,0.385454033
29.0,2.0,0.385454033
29.0,3.0,0.272531793
29.0,4.0,0.272531793
29.0,5.0,0.385454033
29.0,6.0,0.385454033
29.0,7.0,0.052514463
29.0,8.0,0.162025751
29.0,9.0,0.385454033
29.0,10.0,0.324111831
29.0,11.0,0.385454033
29.0,12.0,0.324111831
29.0,13.0,0.124930212
29.0,14.0,0.192691143
29.0,15.0,0.353454682
29.0,16.0,0.353454682
29.0,17.0,0.385454033
29.0,18.0,0.385454033
29.0,19.0,0.385454033
29.0,20.0,0.249906941
29.0,21.0,0.385454033
29.0,22.0,0.324111831
29.0,23.0,0.013123729
29.0,24.0,0.385454033
29.0,25.0,0.004638643
29.0,26.0,0.114558844
29.0,27.0,0.385454033
29.0,28.0,0.210136071
29.0,29.0,1.0
29.0,30.0,0.272531793
29.0,31.0,0.385454033
29.0,32.0,0.385454033
29.0,33.0,0.353454682
29.0,34.0,0.324111831
29.0,35.0,5.18e-07
29.0,36.0,0.176694446
29.0,37.0,0.324111831
29.0,38.0,0.385454033
30.0,0.0,0.499906932
30.0,1.0,0.499906932
30.0,2.0,0.499906932
30.0,3.0,0.353454682
30.0,4.0,0.353454682
30.0,5.0,0.499906932
30.0,6.0,0.499906932
30.0,7.0,0.080997796
30.0,8.0,0.297204943
30.0,9.0,0.499906932
30.0,10.0,0.353454682
30.0,11.0,0.499906932
30.0,12.0,0.353454682
30.0,13.0,0.192691143
30.0,14.0,0.249906941
30.0,15.0,0.458406011
30.0,16.0,0.458406011
30.0,17.0,0.499906932
30.0,18.0,0.499906932
30.0,19.0,0.499906932
30.0,20.0,0.272531793
30.0,21.0,0.499906932
30.0,22.0,0.594520548
30.0,23.0,0.017020559
30.0,24.0,0.499906932
30.0,25.0,0.003576633
30.0,26.0,0.297204943
30.0,27.0,0.499906932
30.0,28.0,0.324111831
30.0,29.0,0.272531793
30.0,30.0,1.0
30.0,31.0,0.499906932
30.0,32.0,0.420350385
30.0,33.0,0.458406011
30.0,34.0,0.420350385
30.0,35.0,5.65e-07
30.0,36.0,0.324111831
30.0,37.0,0.594520548
30.0,38.0,0.499906932
31.0,0.0,0.840857282
31.0,1.0,1.0
31.0,2.0,0.840857282
31.0,3.0,0.420350385
31.0,4.0,0.707040969
31.0,5.0,1.0
31.0,6.0,0.840857282
31.0,7.0,0.096327638
31.0,8.0,0.353454682
31.0,9.0,0.840857282
31.0,10.0,0.499906932
31.0,11.0,0.840857282
31.0,12.0,0.499906932
31.0,13.0,0.272531793
31.0,14.0,0.420350385
31.0,15.0,0.771051586
31.0,16.0,0.916982706
31.0,17.0,0.840857282
31.0,18.0,0.840857282
31.0,19.0,0.840857282
31.0,20.0,0.458406011
31.0,21.0,0.840857282
31.0,22.0,0.707040969
31.0,23.0,0.024072945
31.0,24.0,0.840857282
31.0,25.0,0.004253556
31.0,26.0,0.249906941
31.0,27.0,0.840857282
31.0,28.0,0.458406011
31.0,29.0,0.385454033
31.0,30.0,0.499906932
31.0,31.0,1.0
31.0,32.0,0.707040969
31.0,33.0,0.771051586
31.0,34.0,0.707040969
31.0,35.0,4.75e-07
31.0,36.0,0.385454033
31.0,37.0,0.707040969
31.0,38.0,0.840857282
32.0,0.0,0.707040969
32.0,1.0,0.707040969
32.0,2.0,0.707040969
32.0,3.0,0.420350385
32.0,4.0,0.499906932
32.0,5.0,0.707040969
32.0,6.0,0.707040969
32.0,7.0,0.096327638
32.0,8.0,0.297204943
32.0,9.0,0.707040969
32.0,10.0,0.499906932
32.0,11.0,0.707040969
32.0,12.0,0.499906932
32.0,13.0,0.229160343
32.0,14.0,0.353454682
32.0,15.0,0.771051586
32.0,16.0,0.648344341
32.0,17.0,0.707040969
32.0,18.0,0.707040969
32.0,19.0,0.707040969
32.0,20.0,0.545165061
32.0,21.0,0.707040969
32.0,22.0,0.594520548
32.0,23.0,0.024072945
32.0,24.0,0.707040969
32.0,25.0,0.004253556
32.0,26.0,0.210136071
32.0,27.0,0.707040969
32.0,28.0,0.385454033
32.0,29.0,0.385454033
32.0,30.0,0.420350385
32.0,31.0,0.707040969
32.0,32.0,1.0
32.0,33.0,0.648344341
32.0,34.0,0.594520548
32.0,35.0,5.65e-07
32.0,36.0,0.385454033
32.0,37.0,0.707040969
32.0,38.0,0.707040969
33.0,0.0,0.771051586
33.0,1.0,0.771051586
33.0,2.0,0.771051586
33.0,3.0,0.385454033
33.0,4.0,0.545165061
33.0,5.0,0.771051586
33.0,6.0,0.771051586
33.0,7.0,0.088330778
33.0,8.0,0.324111831
33.0,9.0,0.771051586
33.0,10.0,0.458406011
33.0,11.0,0.771051586
33.0,12.0,0.458406011
33.0,13.0,0.249906941
33.0,14.0,0.385454033
33.0,15.0,0.707040969
33.0,16.0,0.707040969
33.0,17.0,0.771051586
33.0,18.0,0.771051586
33.0,19.0,0.771051586
33.0,20.0,0.420350385
33.0,21.0,0.771051586
33.0,22.0,0.648344341
33.0,23.0,0.022074475
33.0,24.0,0.771051586
33.0,25.0,0.003900437
33.0,26.0,0.229160343
33.0,27.0,0.771051586
33.0,28.0,0.420350385
33.0,29.0,0.353454682
33.0,30.0,0.458406011
33.0,31.0,0.771051586
33.0,32.0,0.648344341
33.0,33.0,1.0
33.0,34.0,0.648344341
33.0,35.0,4.36e-07
33.0,36.0,0.353454682
33.0,37.0,0.648344341
33.0,38.0,0.771051586
34.0,0.0,0.707040969
34.0,1.0,0.707040969
34.0,2.0,0.707040969
34.0,3.0,0.353454682
34.0,4.0,0.499906932
34.0,5.0,0.707040969
34.0,6.0,0.707040969
34.0,7.0,0.080997796
34.0,8.0,0.297204943
34.0,9.0,0.707040969
34.0,10.0,0.420350385
34.0,11.0,0.707040969
34.0,12.0,0.420350385
34.0,13.0,0.272531793
34.0,14.0,0.353454682
34.0,15.0,0.648344341
34.0,16.0,0.648344341
34.0,17.0,0.707040969
34.0,18.0,0.707040969
34.0,19.0,0.707040969
34.0,20.0,0.385454033
34.0,21.0,0.707040969
34.0,22.0,0.594520548
34.0,23.0,0.024072945
34.0,24.0,0.707040969
34.0,25.0,0.004253556
34.0,26.0,0.353454682
34.0,27.0,0.707040969
34.0,28.0,0.385454033
34.0,29.0,0.324111831
34.0,30.0,0.420350385
34.0,31.0,0.707040969
34.0,32.0,0.594520548
34.0,33.0,0.648344341
34.0,34.0,1.0
34.0,35.0,4.75e-07
34.0,36.0,0.324111831
34.0,37.0,0.594520548
34.0,38.0,0.707040969
35.0,0.0,4.75e-07
35.0,1.0,4.75e-07
35.0,2.0,4.75e-07
35.0,3.0,4.75e-07
35.0,4.0,3.36e-07
35.0,5.0,4.75e-07
35.0,6.0,5.65e-07
35.0,7.0,1.54e-07
35.0,8.0,1.13e-06
35.0,9.0,4.75e-07
35.0,10.0,7.99e-07
35.0,11.0,5.65e-07
35.0,12.0,6.72e-07
35.0,13.0,3.08e-07
35.0,14.0,2.82e-07
35.0,15.0,5.18e-07
35.0,16.0,4.36e-07
35.0,17.0,4.75e-07
35.0,18.0,4.75e-07
35.0,19.0,4.75e-07
35.0,20.0,7.33e-07
35.0,21.0,5.65e-07
35.0,22.0,6.72e-07
35.0,23.0,9.15e-08
35.0,24.0,4.75e-07
35.0,25.0,1.29e-07
35.0,26.0,4.75e-07
35.0,27.0,4.75e-07
35.0,28.0,3.66e-07
35.0,29.0,5.18e-07
35.0,30.0,5.65e-07
35.0,31.0,4.75e-07
35.0,32.0,5.65e-07
35.0,33.0,4.36e-07
35.0,34.0,4.75e-07
35.0,35.0,1.0
35.0,36.0,5.18e-07
35.0,37.0,5.65e-07
35.0,38.0,4.75e-07
36.0,0.0,0.385454033
36.0,1.0,0.385454033
36.0,2.0,0.385454033
36.0,3.0,0.272531793
36.0,4.0,0.272531793
36.0,5.0,0.385454033
36.0,6.0,0.458406011
36.0,7.0,0.088330778
36.0,8.0,0.272531793
36.0,9.0,0.385454033
36.0,10.0,0.385454033
36.0,11.0,0.385454033
36.0,12.0,0.385454033
36.0,13.0,0.176694446
36.0,14.0,0.229160343
36.0,15.0,0.353454682
36.0,16.0,0.353454682
36.0,17.0,0.385454033
36.0,18.0,0.385454033
36.0,19.0,0.385454033
36.0,20.0,0.249906941
36.0,21.0,0.385454033
36.0,22.0,0.385454033
36.0,23.0,0.018561483
36.0,24.0,0.385454033
36.0,25.0,0.005516564
36.0,26.0,0.192691143
36.0,27.0,0.385454033
36.0,28.0,0.297204943
36.0,29.0,0.176694446
36.0,30.0,0.324111831
36.0,31.0,0.385454033
36.0,32.0,0.385454033
36.0,33.0,0.353454682
36.0,34.0,0.324111831
36.0,35.0,5.18e-07
36.0,36.0,1.0
36.0,37.0,0.458406011
36.0,38.0,0.385454033
37.0,0.0,0.707040969
37.0,1.0,0.707040969
37.0,2.0,0.707040969
37.0,3.0,0.420350385
37.0,4.0,0.499906932
37.0,5.0,0.707040969
37.0,6.0,0.707040969
37.0,7.0,0.096327638
37.0,8.0,0.353454682
37.0,9.0,0.707040969
37.0,10.0,0.420350385
37.0,11.0,0.707040969
37.0,12.0,0.499906932
37.0,13.0,0.229160343
37.0,14.0,0.353454682
37.0,15.0,0.648344341
37.0,16.0,0.648344341
37.0,17.0,0.707040969
37.0,18.0,0.707040969
37.0,19.0,0.707040969
37.0,20.0,0.458406011
37.0,21.0,0.707040969
37.0,22.0,0.840857282
37.0,23.0,0.02862905
37.0,24.0,0.707040969
37.0,25.0,0.004253556
37.0,26.0,0.297204943
37.0,27.0,0.707040969
37.0,28.0,0.385454033
37.0,29.0,0.324111831
37.0,30.0,0.594520548
37.0,31.0,0.707040969
37.0,32.0,0.707040969
37.0,33.0,0.648344341
37.0,34.0,0.594520548
37.0,35.0,5.65e-07
37.0,36.0,0.458406011
37.0,37.0,1.0
37.0,38.0,0.707040969
38.0,0.0,0.840857282
38.0,1.0,0.840857282
38.0,2.0,0.840857282
38.0,3.0,0.420350385
38.0,4.0,0.594520548
38.0,5.0,0.840857282
38.0,6.0,0.840857282
38.0,7.0,0.096327638
38.0,8.0,0.353454682
38.0,9.0,0.840857282
38.0,10.0,0.499906932
38.0,11.0,0.840857282
38.0,12.0,0.499906932
38.0,13.0,0.272531793
38.0,14.0,0.420350385
38.0,15.0,0.771051586
38.0,16.0,0.771051586
38.0,17.0,0.840857282
38.0,18.0,0.840857282
38.0,19.0,0.840857282
38.0,20.0,0.458406011
38.0,21.0,0.840857282
38.0,22.0,0.707040969
38.0,23.0,0.024072945
38.0,24.0,0.840857282
38.0,25.0,0.004253556
38.0,26.0,0.249906941
38.0,27.0,0.840857282
38.0,28.0,0.458406011
38.0,29.0,0.385454033
38.0,30.0,0.499906932
38.0,31.0,0.840857282
38.0,32.0,0.707040969
38.0,33.0,0.771051586
38.0,34.0,0.707040969
38.0,35.0,4.75e-07
38.0,36.0,0.385454033
38.0,37.0,0.707040969
38.0,38.0,1.0
